hwm_id,obs,quality,wse_spread_p90_p10,res_max,res_median,res_nearest,hwm_type,hcollect,waterbody
6145,3.383,2.0,0.1770033836364746,1.0008825225830078,-0.171266658782959,-0.2175770835876465,Seed line,Map (digital or paper),
6158,3.962,1.0,0.1415560245513916,-0.255684244155884,-0.6706994647979738,-0.6473652000427248,Seed line,Map (digital or paper),
6164,2.926,2.0,0.31429195404052734,0.19557917022705062,-0.0488394508361818,-0.09171021080017105,Seed line,Map (digital or paper),
6173,3.962,2.0,0.14536190032958984,-0.20427070808410663,-0.6348401184082033,-0.625827180862427,Debris,Map (digital or paper),
6148,3.048,3.0,0.1298081874847412,-0.025415561676025433,-0.20356240081787114,-0.1387077789306641,Mud,Map (digital or paper),
6152,2.926,3.0,0.23331689834594727,0.7565857162475584,-0.06179273223876969,-0.009993911743164219,Mud,Map (digital or paper),
6154,3.566,2.0,0.3606126308441162,-0.5105731639862059,-0.9385030422210692,-0.5105731639862059,Seed line,Map (digital or paper),
6155,1.585,1.0,0.27341222763061523,1.9019556427001953,1.3697255039215088,1.3398650074005127,Seed line,Map (digital or paper),
6157,3.658,1.0,0.24789690971374512,0.14925598335266121,-0.375834711074829,-0.14557076263427726,Seed line,Map (digital or paper),
6159,4.42,2.0,0.22711730003356934,-0.6188382339477538,-1.0030285549163818,-0.9343332481384277,Seed line,Map (digital or paper),
6160,4.42,1.0,0.27570581436157227,-0.20427505493164055,-1.0042723846435546,-1.010985059738159,Seed line,Map (digital or paper),
6163,2.896,2.0,0.25603151321411133,0.5977462806701661,0.1405774631500245,0.1320940532684327,Seed line,Map (digital or paper),
6167,3.078,2.0,0.21052813529968262,0.2802801818847658,0.008159467697143707,-0.02294676589965805,Seed line,Map (digital or paper),
6168,2.865,1.0,0.11163997650146484,0.9811410999298094,0.223487386703491,0.23187042236328104,Seed line,Map (digital or paper),
6175,1.951,1.0,0.15776705741882324,1.4614739170074462,-0.2701345930099488,-0.3081801185607911,Seed line,Map (digital or paper),
6181,1.585,3.0,0.13985097408294678,0.09642890930175785,-0.09364696502685543,-0.048038682937622035,Seed line,Map (digital or paper),
6182,1.615,1.0,1.9142115116119385,9.16845775604248,0.7152078247070313,0.7600028610229492,Seed line,Map (digital or paper),
6103,3.871,2.0,0.15787672996520996,0.11444859886169434,-0.06717486000061035,-0.10605163192749023,Seed line,Map (digital or paper),
6193,1.859,2.0,0.16339683532714844,0.24514314270019533,-0.11327687168121336,-0.1178367462158203,Seed line,Map (digital or paper),
6194,1.951,4.0,1.7826588153839111,3.708224033355713,0.8038823356628417,0.8587612857818603,Debris,Map (digital or paper),
6195,2.896,2.0,0.6849029064178467,1.2596711196899415,0.21036758804321298,0.30321278953552255,Seed line,Map (digital or paper),
6408,4.023,2.0,0.1673572063446045,-0.026826618194579765,-0.5578289012908932,-0.3870484809875485,Debris,Map (digital or paper),
6406,3.993,2.0,0.058785438537597656,-0.4908015422821044,-0.5255388908386229,-0.5241303138732909,Debris,Map (digital or paper),
6407,4.023,3.0,0.15837597846984863,0.5563066024780277,-0.695319412231445,-0.6826307754516598,Seed line,Map (digital or paper),
6409,3.962,3.0,0.2003340721130371,-0.23816190910339374,-0.5361653442382814,-0.4561558837890627,Debris,Map (digital or paper),
6178,1.768,3.0,0.1367570161819458,0.38975465965270994,0.1124500102996826,0.1444946594238281,Seed line,Map (digital or paper),
6101,4.084,3.0,,,,,Debris,Map (digital or paper),
6102,3.932,2.0,,,,,Seed line,Map (digital or paper),
6106,3.383,1.0,0.1145627498626709,-0.09887371826171876,-0.23261676597595216,-0.2451189594268799,Seed line,Map (digital or paper),
6122,3.139,2.0,0.3238213062286377,-0.4825964584350584,-1.2011646642684934,-0.8021393432617185,Debris,Map (digital or paper),
6123,3.536,2.0,0.17238092422485352,0.12915946388244626,-0.10116790390014652,-0.09238813972473148,Debris,Map (digital or paper),
6124,3.2,2.0,0.2379000186920166,0.7168303012847899,-0.33042974472045916,-0.25535411834716815,Debris,Map (digital or paper),
6127,3.383,2.0,,,,,Debris,Map (digital or paper),
6128,3.658,3.0,0.18215155601501465,0.4162101669311524,0.16072129440307625,0.3018872661590577,Debris,Map (digital or paper),
6135,3.322,2.0,0.2788984775543213,-0.15984580230712897,-0.3267056674957276,-0.3830594749450684,Seed line,Map (digital or paper),
6136,4.602,4.0,0.48590803146362305,-1.3087494392395023,-1.6674144287109378,-1.7518231887817386,Debris,Map (digital or paper),
6137,2.926,2.0,0.16192364692687988,0.470130323410034,-0.018770099639892734,0.02411520385742172,Seed line,Map (digital or paper),
6411,3.993,1.0,0.24652314186096191,0.5941152877807618,-0.7200259857177733,-0.7715019874572753,Seed line,Map (digital or paper),
6099,4.816,4.0,0.30757951736450195,-0.9144268188476561,-1.215261713027954,-1.2555105838775633,Debris,Map (digital or paper),
6149,3.109,3.0,0.13081836700439453,-0.08641556167602538,-0.26860168838500975,-0.2193701591491699,Mud,Map (digital or paper),
6153,3.566,2.0,0.21845245361328125,0.18739412689209,-0.3180246505737303,-0.21350957489013656,Mud,Map (digital or paper),
6156,1.554,3.0,0.2858433723449707,2.0790137252807614,1.4601642093658447,1.5854433975219726,Seed line,Map (digital or paper),
6162,3.962,2.0,0.18239331245422363,0.3654784088134764,-0.5740331287384035,-0.47363744926452656,Seed line,Map (digital or paper),
6165,2.957,2.0,0.17104005813598633,0.6457066707611085,-0.04790065956115708,-0.16924594116210923,Seed line,Map (digital or paper),
6166,2.957,2.0,0.15947604179382324,0.6457066707611085,-0.05764506530761704,-0.06779859733581528,Seed line,Map (digital or paper),
6169,3.658,1.0,0.13668537139892578,-0.14731026458740226,-0.5667021350860595,-0.5583148078918456,Seed line,Map (digital or paper),
6170,2.835,2.0,0.1821272373199463,0.5189540767669678,0.2519715213775635,-0.5417978382110595,Seed line,Map (digital or paper),
6171,2.652,2.0,0.14737248420715332,1.2899822692871092,0.4182910423278807,0.37290305900573717,Seed line,Map (digital or paper),
6172,3.901,1.0,0.19248652458190918,0.3392811050415041,-0.5713491210937498,-0.5546364555358885,Seed line,Map (digital or paper),
6174,2.073,2.0,0.15758299827575684,0.9598369140625,-0.1419097642898559,-0.1288911561965942,Seed line,Map (digital or paper),
6176,1.341,2.0,0.2091885805130005,1.231979211807251,0.47107513809204105,0.5698114242553711,Seed line,Map (digital or paper),
6192,2.164,2.0,0.3987475633621216,0.3988867149353026,-0.2182829036712648,-0.22191318416595474,Seed line,Map (digital or paper),
6139,3.322,2.0,0.20478248596191406,0.5126929550170898,-0.08694240760803229,-0.0022358627319336577,Seed line,Map (digital or paper),
6140,3.536,1.0,0.23512721061706543,0.5863978996276855,-0.3357217178344727,-0.32654832458496097,Seed line,Map (digital or paper),
6141,3.414,2.0,,,,,Debris,Map (digital or paper),
6142,3.444,2.0,,,,,Debris,Map (digital or paper),
6143,3.353,2.0,0.09660458564758301,0.41162697982788066,-0.10729606437683126,-0.17418654251098653,Mud,Map (digital or paper),
6144,3.322,2.0,0.179229736328125,1.0618825225830077,-0.10963723373413092,-0.2704429359436036,Mud,Map (digital or paper),
6146,3.353,2.0,0.17583966255187988,1.0308825225830076,-0.1406570224761965,-0.16522152709960958,Seed line,Map (digital or paper),
6147,3.231,4.0,0.14358234405517578,0.6827015342712404,-0.01986985778808581,-0.0313277778625487,Mud,Map (digital or paper),
6180,1.615,3.0,0.1934107542037964,0.9828870391845703,0.28295327186584474,-0.4240411424636841,Seed line,Map (digital or paper),
6183,1.981,2.0,0.10080492496490479,0.09842724227905264,-0.11111050224304209,-0.17442923164367685,Seed line,Map (digital or paper),
6184,2.042,4.0,0.2400815486907959,0.48953705596923847,-0.07970351409912091,-0.08096498680114728,Debris,Map (digital or paper),
6185,1.92,1.0,0.07572269439697266,0.17077787399292,-0.06211726188659661,-0.15184895515441887,Seed line,Map (digital or paper),
6186,1.89,1.0,0.10470783710479736,0.5890782928466798,-0.014282240867614648,-0.002299442291259668,Seed line,Map (digital or paper),
6187,2.103,2.0,0.27778708934783936,0.7784454078674314,-0.19275553512573262,-0.19740839290618917,Seed line,Map (digital or paper),
6188,2.652,1.0,0.08156752586364746,-0.594309617996216,-0.7834868927001954,-0.680910279273987,Seed line,Map (digital or paper),
6189,2.134,2.0,0.12359428405761719,0.034008804321289166,-0.22869950199127187,-0.2556614246368407,Seed line,Map (digital or paper),
6191,2.225,4.0,0.47473084926605225,0.40525474548339835,-0.25437781810760507,-0.24718127250671396,Debris,Map (digital or paper),
6129,2.774,2.0,0.14878559112548828,-0.044418405532836935,-0.21429188156127932,-0.1887927761077881,Debris,Map (digital or paper),
6132,3.81,2.0,0.1264350414276123,-0.143824634552002,-0.4861207580566407,-0.518319902420044,Seed line,Map (digital or paper),
6133,1.554,3.0,0.43608808517456055,1.9298871955871582,1.4293297729492187,1.3724101982116699,Seed line,Map (digital or paper),
6134,3.414,3.0,,,,,Debris,Map (digital or paper),
6111,4.145,1.0,0.24330711364746094,0.23283050537109418,-0.1836099815368648,-0.18366028785705524,Seed line,Map (digital or paper),
6112,4.054,1.0,0.11683511734008789,-0.2945772209167483,-0.45312223815917996,-0.41872749710083035,Seed line,Map (digital or paper),
6114,4.145,1.0,0.1163482666015625,-0.5483772945404048,-0.734783668518066,-0.8347039413452144,Seed line,Map (digital or paper),
6131,2.865,4.0,0.1827249526977539,0.9160349464416502,0.31723285675048807,0.2870442962646482,Debris,Map (digital or paper),
6150,3.078,2.0,0.18572139739990234,0.6848829479217531,-0.21178977775573715,-0.10228817749023422,Mud,Map (digital or paper),
6177,2.225,3.0,0.20887219905853271,0.2880443572998046,-0.3610286474227906,-0.6034097433090211,Seed line,Map (digital or paper),
6098,3.932,2.0,0.6519148349761963,-0.21150978279113763,-0.8013480491638183,-0.9452746696472167,Debris,Map (digital or paper),
6113,3.993,3.0,0.6519148349761963,-0.2725097827911376,-0.8623480491638182,-1.0062746696472167,Debris,Map (digital or paper),
6119,5.304,3.0,0.37320590019226074,-0.4203706779479983,-1.3890651264190677,-1.4013722934722903,Debris,Map (digital or paper),
6120,4.45,4.0,0.5523350238800049,1.015161323547363,-0.3986298561096193,-0.10463352203369158,Debris,Map (digital or paper),
6125,3.383,4.0,0.10806441307067871,-0.09291706848144532,-0.17559252548217774,-0.2048505382537842,Debris,Map (digital or paper),
6138,3.231,2.0,0.19565343856811523,0.5350458087921144,-0.24111753082275378,-0.24294238662719714,Seed line,Map (digital or paper),
6151,3.566,4.0,0.14998173713684082,0.06929753684997575,-0.30521537399291976,-0.36071182823181136,Debris,Map (digital or paper),
6130,2.743,2.0,0.28191280364990234,0.7523501224517823,-0.1791431598663329,-0.11781236457824695,Debris,Map (digital or paper),
6161,4.084,2.0,0.7011072635650635,0.043407073974609744,-0.7615512695312496,-0.29734934234619104,Seed line,Map (digital or paper),
6179,1.829,4.0,0.3596426248550415,0.7120265922546387,0.2032370529174805,-0.05980182075500484,Debris,Phone/Car GPS,
6190,2.134,4.0,0.1504899263381958,0.28530413246154795,-0.17551427745819081,-0.3348392810821532,Debris,Map (digital or paper),
6116,3.962,2.0,0.14536190032958984,-0.20427070808410663,-0.6348401184082033,-0.625827180862427,Debris,Map (digital or paper),
6117,3.505,3.0,0.47988224029541016,-0.1477326202392577,-0.39776814460754384,-0.3106185245513915,Debris,Map (digital or paper),
6118,5.791,3.0,,,,,Debris,Map (digital or paper),
6121,4.176,2.0,0.2591376304626465,0.7682005157470702,0.07039511108398422,0.19385969543457016,Debris,Map (digital or paper),
6126,3.627,3.0,0.4286201000213623,0.00044665145874045464,-0.4448143501281736,-0.5790535469055174,Debris,Map (digital or paper),
